{"cameraMode":{"drawMode":0,"name":"Shaded","section":"Shading Mode"},"sceneLighting":false,"audioPlay":false,"sceneViewState":{"showFog":true,"showMaterialUpdate":false,"showSkybox":true,"showFlares":true,"showImageEffects":true,"showParticleSystems":true},"in2DMode":false,"pivot":{"x":13.184401512145996,"y":-13.90690803527832,"z":5.0381760597229},"rotation":{"x":-0.32349053025245669,"y":-0.47796499729156496,"z":0.19496658444404603,"w":-0.7930359840393066},"size":40.941062927246097,"orthographic":false}