{"cameraMode":{"drawMode":0,"name":"Shaded","section":"Shading Mode"},"sceneLighting":false,"audioPlay":false,"sceneViewState":{"showFog":true,"showMaterialUpdate":false,"showSkybox":true,"showFlares":true,"showImageEffects":true,"showParticleSystems":true},"in2DMode":false,"pivot":{"x":-3.154911756515503,"y":0.9454930424690247,"z":6.032851696014404},"rotation":{"x":-0.1487370878458023,"y":0.1145307868719101,"z":-0.017344722524285318,"w":-0.9820756912231445},"size":24.10651206970215,"orthographic":false}